dissolve,42.59%
dissolve,48.00%
dissolve,40.53%
dissolve,43.32%
dissolve,40.00%
dissolve,43.29%
dissolve,42.43%
dissolve,44.34%
dissolve,42.81%
dissolve,41.50%
dissolve,39.96%
dissolve,43.11%
dissolve,40.61%
dissolve,40.08%
dissolve,40.50%
dissolve,38.95%
dissolve,41.57%
dissolve,45.53%
dissolve,40.88%
dissolve,42.16%
dissolve,44.27%
dissolve,44.07%
dissolve,43.92%
dissolve,39.79%
dissolve,43.84%
dissolve,39.22%
dissolve,42.78%
dissolve,38.76%
dissolve,46.89%
dissolve,44.07%
dissolve,40.51%
dissolve,44.78%
dissolve,41.26%
dissolve,41.02%
dissolve,41.32%
dissolve,41.01%
dissolve,47.55%
dissolve,43.89%
dissolve,45.39%
dissolve,40.44%
dissolve,43.93%
dissolve,43.21%
dissolve,40.47%
dissolve,43.18%
dissolve,42.58%
dissolve,42.66%
dissolve,46.34%
dissolve,38.52%
dissolve,42.16%
dissolve,43.40%
dissolve,41.67%
dissolve,42.35%
dissolve,40.21%
dissolve,45.09%
dissolve,44.32%
dissolve,44.93%
dissolve,41.71%
dissolve,41.36%
dissolve,42.99%
dissolve,39.68%
dissolve,47.33%
dissolve,44.87%
dissolve,40.30%
dissolve,40.71%
dissolve,40.00%
dissolve,45.61%
dissolve,44.34%
dissolve,41.02%
dissolve,42.12%
dissolve,43.18%
dissolve,42.75%
dissolve,42.09%
dissolve,42.30%
dissolve,43.81%
dissolve,43.54%
dissolve,45.92%
dissolve,42.18%
dissolve,42.90%
dissolve,42.82%
dissolve,44.44%
dissolve,41.18%
dissolve,44.33%
dissolve,42.21%
dissolve,38.90%
dissolve,46.24%
dissolve,41.21%
dissolve,40.41%
dissolve,42.01%
dissolve,41.06%
dissolve,42.61%
dissolve,38.09%
dissolve,44.58%
dissolve,43.60%
dissolve,41.34%
dissolve,47.56%
dissolve,39.43%
dissolve,40.37%
dissolve,39.14%
dissolve,40.53%
dissolve,46.90%
dissolve,43.79%
dissolve,44.35%
dissolve,39.06%
dissolve,41.27%
dissolve,45.21%
dissolve,40.52%
dissolve,43.85%
dissolve,43.71%
dissolve,39.33%
dissolve,38.93%
dissolve,40.84%
dissolve,38.05%
dissolve,42.75%
dissolve,43.73%
dissolve,42.97%
dissolve,43.81%
dissolve,46.35%
dissolve,42.08%
dissolve,40.75%
dissolve,43.75%
dissolve,41.71%
dissolve,43.75%
dissolve,40.18%
dissolve,40.66%
